                  epoch,             train/loss,  metrics/accuracy_top1,  metrics/accuracy_top5,               val/loss,                 lr/pg0,                 lr/pg1,                 lr/pg2
                      0,                0.28278,                0.46853,                      1,                 1.1823,               0.070231,              0.0033077,              0.0033077
                      1,                 0.2155,                0.64755,                      1,                 1.0557,               0.038916,              0.0053261,              0.0053261
                      2,                0.15137,                0.82378,                      1,                0.89082,              0.0062809,              0.0060245,              0.0060245
                      3,                0.10028,                0.84196,                      1,                0.87174,                0.00406,                0.00406,                0.00406
                      4,                0.07355,                0.78741,                      1,                0.90797,                0.00406,                0.00406,                0.00406
